"technology","ave_length"
"Gemma4",74.4669338677355
"Gold",76.792390506484
"Google Translate",75.3884555382215
"Qwen3.5",74.4646793587174
